LLM,Prompt ID,Language,Challenge Type,Execution time (s),CPU Energy (J),RAM Energy (J),GPU Energy (J),CPU Power (W),RAM Power (W),GPU Power (W),CO2 emissions (Kg),CO2 emissions rate (Kg/s),Score
llama-2-7b.Q2_K,0,c,constraint_satisfaction,181.95346188545227,4093.887065649032,994.2416430884077,-25.136020108800007,22.5,5.794054985046388,39.67774473473668,0.0003299453888099228,1.8133504325278403e-06,0.0
llama-2-7b.Q2_K,1,c,constraint_satisfaction,191.58045768737793,4310.492030382156,1047.045161584892,198.22015857600002,22.5,5.794054985046388,29.394242588501335,0.00036205790367337543,1.889847785331965e-06,0.0
llama-2-7b.Q2_K,2,cpp,memory_corruption,76.69712996482849,1725.6608551740642,504.7315506404001,-326.845261476,22.5,5.794054985046388,0.0,0.00012405046605486815,1.6174068848698092e-06,0.0
llama-2-7b.Q2_K,3,sqlite,constraint_satisfaction,63.83565402030945,1436.270602941513,349.9497239370139,-14.817011853600055,22.5,5.794054985046388,28.978600792506224,0.00011543890964483972,1.8083767044685182e-06,0.0
