LLM,Benchmark prompt,Execution time,Package,DRAM
llama-2-7b.Q2_K,HumanEval_64,20.714537143707275,1323.985868,35.408051
llama-2-7b.Q2_K,HumanEval_105,34.41283082962036,1690.9157759999998,47.353395
llama-2-7b.Q2_K,HumanEval_116,25.553149938583374,1130.432531,38.973472
llama-2-7b.Q2_K,HumanEval_149,27.400774002075195,1213.342841,40.7513
llama-2-7b.Q2_K,HumanEval_163,20.185479164123535,888.7180619999999,34.23502
