LLM,Benchmark prompt,Execution time,Package,DRAM,HumanEval pass@1
llama-2-7b.Q2_K,HumanEval/0,57.06660056114197,2828014306.0,139592538.0,
llama-2-7b.Q2_K,HumanEval/1,23.122835397720337,1021065929.0,45364752.0,
llama-2-7b.Q2_K,HumanEval/2,15.506209373474121,676414040.0,30685408.0,
llama-2-7b.Q2_K,HumanEval/3,65.81334018707275,2884446656.0,159212117.0,
llama-2-7b.Q2_K,HumanEval/4,17.52769136428833,750045504.0,33633764.0,0.0
