LLM,Benchmark prompt,Execution time,Package,DRAM,HumanEval pass@1
llama-2-7b.Q2_K,HumanEval/0,43.12098050117493,2011702187.0,96114378.0,0.0
llama-2-7b.Q2_K,HumanEval/1,17.321066856384277,797085545.0,28364490.0,0.0
llama-2-7b.Q2_K,HumanEval/2,11.698638677597046,535017124.0,18477370.0,0.0
llama-2-7b.Q3_K_L,HumanEval/0,20.243457555770874,959593186.0,35814484.0,0.0
llama-2-7b.Q3_K_L,HumanEval/1,45.34026861190796,2058653482.0,100869554.0,0.0
llama-2-7b.Q3_K_L,HumanEval/2,11.099164009094238,477922482.0,15953268.0,0.0
