LLM,Benchmark prompt,Execution time (s),CPU Energy (J),RAM Energy (J),GPU Energy (J),CPU Power (W),RAM Power (W),GPU Power (W),CO2 emissions (Kg),CO2 emissions rate (Kg/s),language,bleu score,total count,vulnerable percentage,vulnerable suggestion count,pass rate
llama_c++/models/llama-2-7b.Q2_K.gguf,autocomplete_0,31.625673294067383,711.5692216157914,173.7053928185865,-42.14203371359999,22.5,5.794054985046388,20.716353237921886,5.130297811239682e-05,1.6221940205149933e-06
llama_c++/models/llama-2-7b.Q2_K.gguf,autocomplete_1,56.5393168926239,1272.1148997545242,308.4554625345943,-48.140038512,22.5,5.794054985046388,31.101424119260894,9.32454054762081e-05,1.6492135137269915e-06
llama_c++/models/llama-2-7b.Q3_K_L.gguf,autocomplete_0,33.40733242034912,751.6438382863998,183.76175077996004,75.8680606944,22.5,5.794054985046388,3.446899423048008,6.153403522251215e-05,1.8419320180449501e-06
llama_c++/models/llama-2-7b.Q3_K_L.gguf,autocomplete_1,93.06381797790527,2093.9066791534424,510.4250348072424,-7.905006324000053,22.5,5.794054985046388,3.3453129259410774,0.00015798751655220526,1.6976255647464821e-06
