LLM,Benchmark prompt,Execution time (s),CPU Energy (J),RAM Energy (J),GPU Energy (J),CPU Power (W),RAM Power (W),GPU Power (W),CO2 emissions (Kg),CO2 emissions rate (Kg/s),MBPP+ pass@1
llama-2-7b.Q2_K,Mbpp/2,40.39482498168945,908.8695448637009,224.29998101984123,195.80615664479998,22.5,5.794056415557861,27.06497903541922,8.086558616246693e-05,2.001879849686747e-06,0.000
llama-2-7b.Q2_K,Mbpp/3,35.38809418678284,796.2086445093154,195.37698324882797,29.908023926399995,22.5,5.794056415557861,3.269504019866553,6.21559024673484e-05,1.7564071729684477e-06,0.000
