LLM,Benchmark prompt,Execution time (s),CPU Energy (J),RAM Energy (J),GPU Energy (J),CPU Power (W),RAM Power (W),GPU Power (W),CO2 emissions (Kg),CO2 emissions rate (Kg/s),HumanEval-X
llama-2-7b.Q2_K,Java/0,98.54996371269226,2217.345054745674,542.1543217549188,147.08511766799998,22.5,5.794056415557861,26.456164461407504,0.00017686001477808686,1.79462283003671e-06,0.0
llama-2-7b.Q2_K,Java/0,99.15363955497742,2230.926661491394,545.8654594920722,171.79813743840003,22.5,5.794056415557861,27.624295388233023,0.00017941598385502362,1.8094745151088818e-06,0.0
llama-2-7b.Q2_K,Java/0,101.01811814308167,2272.874312996864,556.772481592729,225.23818019040002,22.5,5.794056415557861,27.911758137216,0.00018588381066124494,1.8401036772231278e-06,0.0
