LLM,Benchmark prompt,Execution time,Package,DRAM,HumanEval pass@1
llama-2-7b.Q2_K,HumanEval/0,40.56456208229065,2293026905.0,90499646.0,
llama-2-7b.Q2_K,HumanEval/1,16.590535402297974,820095313.0,25970331.0,
llama-2-7b.Q2_K,HumanEval/2,11.389509439468384,527129265.0,17246171.0,
llama-2-7b.Q2_K,HumanEval/4,12.813080549240112,575293510.0,16769306.0,0.0
