LLM,Benchmark prompt,Execution time (s),CPU Energy (J),RAM Energy (J),GPU Energy (J),CPU Power (W),RAM Power (W),GPU Power (W),CO2 emissions (Kg),CO2 emissions rate (Kg/s),HumanEval-X
llama-2-7b.Q2_K,Java/0,99.15107488632202,2230.867947936058,545.9704549935716,168.455134764,22.5,5.794056415557861,27.273102679156207,0.00017921538480900076,1.807498153847283e-06,0.0
llama-2-7b.Q2_K,Java/1,54.10962247848511,1217.448862195015,294.4254163767132,-65.86205268959998,22.5,5.794056415557861,27.426374437654346,8.798703225448829e-05,1.626088452002662e-06,0.0
