LLM,Benchmark prompt,Execution time,Package,Core,GPU,DRAM,HumanEval pass@1
llama-2-7b.Q2_K,HumanEval/0,24.58347,1126.682983,1087.026062,0.205078,0.0,0.3333333333333333
llama-2-7b.Q2_K,HumanEval/2,18.940028,849.540283,818.798096,0.167969,0.0,0.3333333333333333
llama-2-7b.Q3_K_L,HumanEval/0,26.195398,1157.649902,1115.647827,0.031677,0.0,0.3333333333333333
llama-2-7b.Q3_K_L,HumanEval/2,31.889857,1397.298767,1343.402405,0.282349,0.0,0.3333333333333333
