Program,Package,Core,GPU,DRAM,Time
HumanEval_64 , 1177.051575 , 1133.753967 , 2.749268 , 0.000000 ,  22.800121 
HumanEval_105 , 1109.725464 , 1064.241760 , 2.741272 , 0.000000 ,  24.366394 
HumanEval_116 , 1078.143188 , 1032.936340 , 2.694763 , 0.000000 ,  24.189746 
HumanEval_149 , 157.171265 , 151.672729 , 0.149902 , 0.000000 ,  3.934705 
HumanEval_163 , 895.164673 , 858.239197 , 2.084961 , 0.000000 ,  19.972187 
