Program,Package,Core,GPU,DRAM,Time
HumanEval_64 , 1166.467590 , 1123.520996 , 2.701355 , 0.000000 ,  22.652385 
HumanEval_105 , 1095.123474 , 1049.792908 , 2.750305 , 0.000000 ,  24.302715 
HumanEval_116 , 1049.844421 , 1004.959167 , 2.542480 , 0.000000 ,  24.108332 
HumanEval_149 , 1038.350220 , 993.508667 , 2.568909 , 0.000000 ,  24.046398 
HumanEval_163 , 1025.133423 , 980.417480 , 2.526917 , 0.000000 ,  23.979855 
