LLM,Benchmark prompt,Execution time,Package,DRAM
llama-2-7b.Q2_K,HumanEval_64,21.748335361480713,1106.482092,35.94992
llama-2-7b.Q2_K,HumanEval_105,36.37730646133423,1548.4341459999998,48.399412
llama-2-7b.Q2_K,HumanEval_116,26.149660110473633,1084.54416,39.330344
llama-2-7b.Q2_K,HumanEval_149,28.103029012680054,1153.3522719999999,41.117692
llama-2-7b.Q2_K,HumanEval_163,20.65933585166931,829.9588739999999,34.526829
