LLM,Benchmark prompt,Execution time,Package,DRAM
llama-2-7b.Q2_K,HumanEval_64,22.580315828323364,1005651356.0000,1005651356.0000
llama-2-7b.Q2_K,HumanEval_105,37.73004078865051,1421379113.0000,1421379113.0000
llama-2-7b.Q2_K,HumanEval_116,27.921637773513794,1016540123.0000,1016540123.0000
llama-2-7b.Q2_K,HumanEval_149,28.910089254379272,1084518953.0000,1084518953.0000
llama-2-7b.Q2_K,HumanEval_163,21.91174077987671,719797291.0000,719797291.0000
