Program,Package,Core,GPU,DRAM,Time
HumanEval_64 , 1042.463684 , 999.429321 , 2.370789 , 0.000000 ,  22.944845 
HumanEval_105 , 0.023376 , 0.021118 , 0.000000 , 0.000000 ,  0.008188 
HumanEval_116 , 1031.816406 , 986.989502 , 2.197388 , 0.000000 ,  24.263232 
HumanEval_149 , 527.680725 , 505.033081 , 1.053833 , 0.000000 ,  12.815435 
HumanEval_163 , 965.210449 , 920.379578 , 2.203857 , 0.000000 ,  24.239330 
