LLM,Benchmark prompt,Execution time (s),CPU Energy (J),RAM Energy (J),GPU Energy (J),CPU Power (W),RAM Power (W),GPU Power (W),CO2 emissions (Kg),CO2 emissions rate (Kg/s),MBPP pass@1,MBPP+ pass@1
llama-2-7b.Q2_K,Mbpp/3,15.467109441757202,348.00463020801544,80.09811132242578,-374.2832994264,22.5,5.794056415557861,27.073884036258193,3.507308393005167e-06,2.2675913726557982e-07,0.000,0.000
llama-2-7b.Q2_K,Mbpp/4,38.984052419662476,877.1309065818787,216.33439395525576,183.44014675200003,22.5,5.794056415557861,29.135580580052267,8.321344512812982e-05,2.1345509243713017e-06,0.000,0.000
llama-2-7b.Q2_K,Mbpp/6,11.201555728912354,252.03249335289001,64.89427064682377,108.8290870632,22.5,5.794056415557861,9.716446718415112,2.77456809551708e-05,2.476948883408791e-06,0.000,0.000
