Program,Package,Core,GPU,DRAM,Time
HumanEval_105 , 973.653564 , 933.584961 , 1.042969 , 0.000000 ,  2.17799E+07 
HumanEval_116 , 952.426208 , 912.062317 , 1.074524 , 0.000000 ,  2.1895E+07 
HumanEval_149 , 701.837341 , 672.370972 , 0.813843 , 0.000000 ,  1.6124E+07 
HumanEval_163 , 951.606018 , 911.085632 , 1.122681 , 0.000000 ,  2.2068E+07 
HumanEval_64 , 856.176697 , 821.961365 , 1.515076 , 0.000000 ,  1.84168E+07 
