Program,Package,Core,GPU,DRAM,Time
HumanEval_105 , 1004.335815 , 917.665588 , 33.412476 , 0.000000 ,  2.57348E+07 
HumanEval_116 , 1234.761780 , 1129.833923 , 34.287659 , 0.000000 ,  3.36139E+07 
HumanEval_149 , 1460.344116 , 1331.079834 , 44.257935 , 0.000000 ,  4.04451E+07 
HumanEval_163 , 366.891418 , 337.480957 , 10.419983 , 0.000000 ,  9.38962E+06 
HumanEval_64 , 1393.394531 , 1279.945740 , 34.815308 , 0.000000 ,  3.68318E+07 
