Program, Package , Core(s) , GPU , DRAM? , Time (sec) 
Building_a_website , 1026.855408 , 984.736389 , 2.937683 , 0.000000 ,  2.19602E+07 
Building_a_block , 988.962585 , 946.580627 , 2.658936 , 0.000000 ,  2.21256E+07 
Building_a_brick , 981.539978 , 939.119995 , 2.548096 , 0.000000 ,  2.21681E+07 
Building_a_hammer , 955.460571 , 912.916809 , 2.517944 , 0.000000 ,  2.22764E+07 
Building_a_construction , 977.243652 , 934.684998 , 2.575623 , 0.000000 ,  2.2185E+07 
