Program,Package,Core,GPU,DRAM,Time
HumanEval_105 , 961.106689 , 919.789124 , 1.688293 , 0.000000 ,  22.041643 
HumanEval_116 , 921.454895 , 881.450806 , 1.556152 , 0.000000 ,  21.426843 
HumanEval_149 , 902.782776 , 861.389282 , 1.575928 , 0.000000 ,  22.223254 
HumanEval_163 , 858.893250 , 817.299622 , 1.578857 , 0.000000 ,  22.348472 
HumanEval_64 , 1035.920044 , 994.502380 , 1.814148 , 0.000000 ,  22.157023 
